{
    "title": "Edizon Leal | Portafolio",
    "description": "I am a computer technology student",
    "image": "/favicon.ico",
    "avatar": "/avatar.jpeg",
    "name": "Edizon Leal",
    "skill": "Junior Backend Developer",
    "location": "Colombia bogota",
    "media": {
        "email": "edimez14@gmail.com",
        "cv": "/data/curriculum edizon meza.pdf",
        "github": "https://github.com/edimez14",
        "likedin": "https://www.linkedin.com/in/edizon-meza-leal-abb0361b9/"
    },
    "about": "Student of Computer Science Technology with experience in web development with Reactjs, Django and other frameworks",
    "technologies": [
        {
            "icon": "devicon-godot-plain",
            "name": "Godot"
        },
        {
            "icon": "devicon-devicon-plain",
            "name": "Reflex dev"
        },
        {
            "icon": "devicon-vitejs-plain",
            "name": "Vitejs"
        },
        {
            "icon": "devicon-react-original",
            "name": "Reactjs"
        },
        {
            "icon": "devicon-django-plain",
            "name": "Django"
        },
        {
            "icon": "devicon-python-plain",
            "name": "Python"
        },
        {
            "icon": "devicon-rust-original",
            "name": "Rust"
        },
        {
            "icon": "devicon-git-plain",
            "name": "Git"
        },
        {
            "icon": "devicon-linux-plain",
            "name": "linux"
        }
    ],
    "experience": [
        {
            "icon": "terminal",
            "title": "Metacortex",
            "subtitle": "Programador",
            "description": "Programo software respetable desde un cubículo.",
            "date": "1999"
        },
        {
            "icon": "rabbit",
            "title": "Nebuchadnezzar",
            "subtitle": "El Elegido",
            "description": "Me encargo de salvar el mundo.",
            "date": "1999 - Actualidad"
        }
    ],
    "projects": [
        {
            "icon": "key-round",
            "title": "Password Generator",
            "subtitle": "web application to generate random passwords with reacjs, nextjs, django, django rest framework",
            "description": "Web application that generates passwords completely randomly, randomly selecting from a list that stores the generated passwords, created with reacjs, nextjs, django, django rest framework",
            "technologies": [
                {
                    "icon": "devicon-react-original",
                    "name": "Reactjs"
                },
                {
                    "icon": "devicon-nextjs-plain",
                    "name": "Nextjs"
                },
                {
                    "icon": "devicon-python-plain",
                    "name": "Python"
                },
                {
                    "icon": "devicon-python-plain",
                    "name": "Random"
                },
                {
                    "icon": "devicon-django-plain",
                    "name": "Django"
                },
                {
                    "icon": "devicon-djangorest-plain",
                    "name": "Django Rest framework"
                }
            ],
            "image": "/work_3.png",
            "url": "https://passwordgenerator-opal.vercel.app/",
            "github": "https://github.com/edimez14/password_generator/"
        },
        {
            "icon": "flower-2",
            "title": "florist decorator website",
            "subtitle": "website for a florist designer",
            "description": "website for a florist designer, where you can know a little about her, and you can see the decorations that she makes; there is also several ways to communicate with her and how to follow her on her social networks. ",
            "technologies": [
                {
                    "icon": "devicon-html5-plain",
                    "name": "HTML"
                },
                {
                    "icon": "devicon-css3-plain",
                    "name": "CSS"
                },
                {
                    "icon": "devicon-javascript-plain",
                    "name": "Javascript"
                }
            ],
            "image": "/work_2.jpg",
            "url": "https://mlflorist.com/",
            "github": "https://github.com/edimez14/ML-Florist-Decorator"
        },
        {
            "icon": "orbit",
            "title": "Planet Simulation",
            "subtitle": "planetary simulator made with pygame",
            "description": "simulator of the planetary orbits of our solar system",
            "technologies": [
                {
                    "icon": "devicon-python-plain",
                    "name": "Python"
                },
                {
                    "icon": "devicon-python-plain",
                    "name": "Pygame"
                }
            ],
            "image": "/work_1.jpg",
            "url": "https://github.com/edimez14/planet_simulation",
            "github": "https://github.com/edimez14/planet_simulation"
        }
    ],
    "training": [
        {
            "icon": "terminal",
            "title": "NDG Linux Unhatched certificate",
            "subtitle": "course in the Cisco Networking Academy",
            "description": "provides an introduction to the Linux command line.",
            "date": "easy",
            "certificate": "/data/edizonleal-NDG Linux Unhatc-certificate.pdf"
        },
        {
            "icon": "building-2",
            "title": "SCRUM foundations certified expert",
            "subtitle": "Take the course at Certjoin",
            "description": "It provides the fundamentals of the SCRUM methodology.",
            "date": "easy",
            "certificate": "/data/Certificado de fundamentos de scrum edizon meza.pdf"
        },
        {
            "icon": "building-2",
            "title": "Business intelligence foundation certification",
            "subtitle": "Take the course at certiprof",
            "description": "Provides the fundamentals of business intelligence.",
            "date": "easy",
            "certificate": "/data/certificado-business-intelligence-foundation-edizon-meza.pdf"
        },
        {
            "icon": "file-box",
            "title": "Business model canvas essentials certification",
            "subtitle": "Take the course at certiprof",
            "description": "Provides the fundamentals of the model canvas.",
            "date": "easy",
            "certificate": "/data/certificado-business-model-canvas-edizon-meza.pdf"
        },
        {
            "icon": "shield",
            "title": "cybersecurity foundations certificate",
            "subtitle": "Take the course at certiprof",
            "description": "Provides the fundamentals of cybersecurity.",
            "date": "easy",
            "certificate": "/data/certificado de ciberseguridad edizon meza.pdf"
        }
    ],
    "services": [
        {
            "icon": "gamepad-2",
            "title": "Game Development",
            "description": "I can provide video game development services because I use tools like Godot Engine, Blender and Pygame."
        },
        {
            "icon": "cpu",
            "title": "Technical support",
            "description": "Help users with Linux or Windows related technical issues, such as installing software or resolving network issues."
        },
        {
            "icon": "tangent",
            "title": "UI/UX Design",
            "description": "I use UI/UX design programs such as figma, miro and Godot Engine."
        },
        {
            "icon": "rss",
            "title": "Web Development",
            "description": "I have basic knowledge in web development that will make me capable of creating, assembling and managing web pages."
        }
    ]
}