{
    "title": "Edizon Leal | Portafolio",
    "description": "Soy un estudiante de tecnología en computación",
    "image": "/favicon.ico",
    "avatar": "/avatar.jpeg",
    "name": "Edizon Leal",
    "skill": "Programador Backend Junior",
    "location": "Colombia Bogotá",
    "media": {
        "email": "edimez14@gmail.com",
        "cv": "/data/curriculum edizon meza.pdf",
        "github": "https://github.com/edimez14",
        "likedin": "https://www.linkedin.com/in/edizon-meza-leal-abb0361b9/"
    },
    "about": "Estudiante de tecnologia en informatica con experiencia en desarrollo web utilizando ReactJS, Django y otros frameworks",
    "technologies": [
        {
            "icon": "devicon-godot-plain",
            "name": "Godot"
        },
        {
            "icon": "devicon-devicon-plain",
            "name": "Reflex dev"
        },
        {
            "icon": "devicon-vitejs-plain",
            "name": "Vitejs"
        },
        {
            "icon": "devicon-react-original",
            "name": "Reactjs"
        },
        {
            "icon": "devicon-django-plain",
            "name": "Django"
        },
        {
            "icon": "devicon-python-plain",
            "name": "Python"
        },
        {
            "icon": "devicon-rust-original",
            "name": "Rust"
        },
        {
            "icon": "devicon-git-plain",
            "name": "Git"
        },
        {
            "icon": "devicon-linux-plain",
            "name": "Linux"
        }
    ],
    "experience": [
        {
            "icon": "terminal",
            "title": "Metacortex",
            "subtitle": "Programador",
            "description": "Desarrollo software respetable desde un cubículo.",
            "date": "1999"
        },
        {
            "icon": "rabbit",
            "title": "Nebuchadnezzar",
            "subtitle": "El Elegido",
            "description": "Me encargo de salvar el mundo.",
            "date": "1999 - Actualidad"
        }
    ],
    "projects": [
        {
            "icon": "key-round",
            "title": "Generador de Contraseñas",
            "subtitle": "Aplicación web para generar contraseñas aleatorias con ReactJS, NextJS, Django, Django REST Framework",
            "description": "Aplicación web que genera contraseñas completamente aleatorias, seleccionándolas al azar de una lista que almacena las contraseñas generadas, creada con ReactJS, NextJS, Django, Django REST Framework",
            "technologies": [
                {
                    "icon": "devicon-react-original",
                    "name": "Reactjs"
                },
                {
                    "icon": "devicon-nextjs-plain",
                    "name": "Nextjs"
                },
                {
                    "icon": "devicon-python-plain",
                    "name": "Python"
                },
                {
                    "icon": "devicon-python-plain",
                    "name": "Random"
                },
                {
                    "icon": "devicon-django-plain",
                    "name": "Django"
                },
                {
                    "icon": "devicon-djangorest-plain",
                    "name": "Django Rest Framework"
                }
            ],
            "image": "/work_3.png",
            "url": "https://passwordgenerator-opal.vercel.app/",
            "github": "https://github.com/edimez14/password_generator/"
        },
        {
            "icon": "flower-2",
            "title": "Sitio web de decoración floral",
            "subtitle": "Sitio web para una diseñadora floral",
            "description": "Sitio web para una diseñadora floral, donde puedes conocer un poco sobre ella y ver las decoraciones que realiza; también hay varias formas de contactarla y seguirla en sus redes sociales.",
            "technologies": [
                {
                    "icon": "devicon-html5-plain",
                    "name": "HTML"
                },
                {
                    "icon": "devicon-css3-plain",
                    "name": "CSS"
                },
                {
                    "icon": "devicon-javascript-plain",
                    "name": "JavaScript"
                }
            ],
            "image": "/work_2.jpg",
            "url": "https://mlflorist.com/",
            "github": "https://github.com/edimez14/ML-Florist-Decorator"
        },
        {
            "icon": "orbit",
            "title": "Simulación Planetaria",
            "subtitle": "Simulador planetario hecho con Pygame",
            "description": "Simulador de las órbitas planetarias de nuestro sistema solar",
            "technologies": [
                {
                    "icon": "devicon-python-plain",
                    "name": "Python"
                },
                {
                    "icon": "devicon-python-plain",
                    "name": "Pygame"
                }
            ],
            "image": "/work_1.jpg",
            "url": "https://github.com/edimez14/planet_simulation",
            "github": "https://github.com/edimez14/planet_simulation"
        }
    ],
    "training": [
        {
            "icon": "terminal",
            "title": "Certificado NDG Linux Unhatched",
            "subtitle": "Curso en la Academia de Redes de Cisco",
            "description": "Proporciona una introducción a la línea de comandos de Linux.",
            "date": "fácil",
            "certificate": "/data/edizonleal-NDG Linux Unhatc-certificate.pdf"
        },
        {
            "icon": "building-2",
            "title": "Certificado SCRUM Foundations",
            "subtitle": "Tomé el curso en Certjoin",
            "description": "Proporciona los fundamentos de la metodología SCRUM.",
            "date": "fácil",
            "certificate": "/data/Certificado de fundamentos de scrum edizon meza.pdf"
        },
        {
            "icon": "building-2",
            "title": "Certificación en Fundamentos de Inteligencia de Negocios",
            "subtitle": "Tomé el curso en Certiprof",
            "description": "Proporciona los fundamentos de la inteligencia de negocios.",
            "date": "fácil",
            "certificate": "/data/certificado-business-intelligence-foundation-edizon-meza.pdf"
        },
        {
            "icon": "file-box",
            "title": "Certificación en Fundamentos del Modelo Canvas",
            "subtitle": "Tomé el curso en Certiprof",
            "description": "Proporciona los fundamentos del modelo canvas.",
            "date": "fácil",
            "certificate": "/data/certificado-business-model-canvas-edizon-meza.pdf"
        },
        {
            "icon": "shield",
            "title": "Certificado en Fundamentos de Ciberseguridad",
            "subtitle": "Tomé el curso en Certiprof",
            "description": "Proporciona los fundamentos de la ciberseguridad.",
            "date": "fácil",
            "certificate": "/data/certificado de ciberseguridad edizon meza.pdf"
        }
    ],
    "services": [
        {
            "icon": "gamepad-2",
            "title": "Desarrollo de Videojuegos",
            "description": "Puedo ofrecer servicios de desarrollo de videojuegos porque utilizo herramientas como Godot Engine, Blender y Pygame."
        },
        {
            "icon": "cpu",
            "title": "Soporte Técnico",
            "description": "Ayudo a los usuarios con problemas técnicos relacionados con Linux o Windows, como instalar software o resolver problemas de red."
        },
        {
            "icon": "tangent",
            "title": "Diseño UI/UX",
            "description": "Utilizo programas de diseño UI/UX como figma, miro y Godot Engine."
        },
        {
            "icon": "rss",
            "title": "Desarrollo Web",
            "description": "Tengo conocimientos básicos en desarrollo web que me permiten crear, montar y gestionar páginas web, como reactjs."
        }
    ]
}
